{
  "variablesAmbientales" : {
    "WwgbuYL1eMgSWH9BL8Do" : [
      26.39296,
       23.46041,
       20.82111,
       18.08407,
       20.2346,
       24.53568,
       18.96383,
       23.36266,
       30.00978,
       29.81427,
       37.73216,
       31.76931,
       22.38514,
       24.92669,
       24.73118,
       29.03226,
       25.61095,
       29.42326,
       26.19746,
       20.91887,
       19.94135,
       32.94233,
       31.76931,
       27.17498
    ]
       
    ,
    "9b61YGsFLCrTJyG5V7kY" : [
      18.96383,
       23.65591,
       25.61095,
       18.96383,
       29.03226,
       21.11437,
       23.55816,
       21.99413,
       21.01662,
       22.6784,
       18.27957,
       19.64809,
       16.61779,
       28.15249,
       25.21994,
       26.78397,
       28.15249,
       28.64125,
       25.02444,
       20.33236,
       17.10655,
       31.28055
    ],
    "DDfkQ3CQ8mnWk6njGvmS" : [
      16.42229,
      15.73803,
      15.05376,
      26.0997,
      19.55034,
      23.55816,
      24.82893,
      22.58064,
      22.58064,
      20.52786,
      25.7087,
      21.60313,
      21.01662,
      19.15933,
      18.86608,
      20.43011,
      19.06158,
      19.06158,
      16.61779,
      20.2346,
      23.0694,
      22.09189,
      23.65591,
      19.8436,
      17.2043,
      22.8739,
      18.67058,
      16.91105,
      21.21212
    ]
  }
}
